1,0,0,0,0,true,laying,not_moving,not_ok
2,0,0,0,0,true,laying,not_moving,not_ok
3,0,0,0,0,true,laying,not_moving,not_ok
4,0,0,0,0,true,laying,not_moving,not_ok
5,0,0,0,0,true,laying,not_moving,not_ok
6,0,0,0,0,true,laying,not_moving,not_ok
7,0,0,0,0,true,laying,not_moving,not_ok
8,0,0,0,0,true,laying,not_moving,not_ok
9,0,0,0,0,true,laying,not_moving,not_ok
10,0,0,0,0,true,laying,not_moving,not_ok
11,0,0,0,0,true,laying,not_moving,not_ok
12,0,0,0,0,true,laying,not_moving,not_ok
13,0,0,0,0,true,laying,not_moving,not_ok
14,0,0,0,0,true,laying,not_moving,not_ok
15,0,0,0,0,true,laying,not_moving,not_ok
16,0,0,0,0,true,laying,not_moving,not_ok
17,0,0,0,0,true,laying,not_moving,not_ok
18,0,0,0,0,true,laying,not_moving,not_ok
19,0,0,0,0,true,laying,not_moving,not_ok
20,0,0,0,0,true,laying,not_moving,not_ok
21,0,0,0,0,true,laying,not_moving,not_ok
22,0,0,0,0,true,laying,not_moving,not_ok
23,0,0,0,0,true,laying,not_moving,not_ok
24,0,0,0,0,true,laying,not_moving,not_ok
25,0,0,0,0,true,laying,not_moving,not_ok
26,0,0,0,0,true,laying,not_moving,not_ok
27,0,0,0,0,true,laying,not_moving,not_ok
28,0,0,0,0,true,laying,not_moving,not_ok
29,0,0,0,0,true,laying,not_moving,not_ok
30,0,0,0,0,true,laying,not_moving,not_ok
31,0,0,0,0,true,laying,not_moving,not_ok
32,0,0,0,0,true,laying,not_moving,not_ok
33,0,0,0,0,true,laying,not_moving,not_ok
34,0,0,0,0,true,laying,not_moving,not_ok
35,0,0,0,0,true,laying,not_moving,not_ok
36,0,0,0,0,true,laying,not_moving,not_ok
37,0,0,0,0,true,laying,not_moving,not_ok
38,0,0,0,0,true,laying,not_moving,not_ok
39,0,0,0,0,true,laying,not_moving,not_ok
40,0,0,0,0,true,laying,not_moving,not_ok
41,0,0,0,0,true,laying,not_moving,not_ok
42,0,0,0,0,true,laying,not_moving,not_ok
43,0,0,0,0,true,laying,not_moving,not_ok
44,0,0,0,0,true,laying,not_moving,not_ok
45,0,0,0,0,true,laying,not_moving,not_ok
46,0,0,0,0,true,laying,not_moving,not_ok
47,0,0,0,0,true,laying,not_moving,not_ok
48,0,0,0,0,true,laying,not_moving,not_ok
49,0,0,0,0,true,laying,not_moving,not_ok
50,0,0,0,0,true,laying,not_moving,not_ok
51,0,0,0,0,true,laying,not_moving,not_ok
52,0,0,0,0,true,laying,not_moving,not_ok
53,0,0,0,0,true,laying,not_moving,not_ok
54,0,0,0,0,true,laying,not_moving,not_ok
55,0,0,0,0,true,laying,not_moving,not_ok
56,0,0,0,0,true,laying,not_moving,not_ok
57,0,0,0,0,true,laying,not_moving,not_ok
58,0,0,0,0,true,laying,not_moving,not_ok
59,0,0,0,0,true,laying,not_moving,not_ok
60,0,0,0,0,true,laying,not_moving,not_ok
61,0,0,0,0,true,laying,not_moving,not_ok
62,0,0,0,0,true,laying,not_moving,not_ok
63,0,0,0,0,true,laying,not_moving,not_ok
64,0,0,0,0,true,laying,not_moving,not_ok
65,0,0,0,0,true,laying,not_moving,not_ok
66,0,0,0,0,true,laying,not_moving,not_ok
67,0,0,0,0,true,laying,not_moving,not_ok
68,0,0,0,0,true,laying,not_moving,not_ok
69,0,0,0,0,true,laying,moving,ok
70,0,0,0,0,true,laying,moving,ok
71,0,0,0,0,true,laying,moving,ok
72,0,0,0,0,true,laying,moving,ok
73,0,0,0,0,true,bending,moving,ok
74,0,0,0,0,true,bending,moving,ok
75,0,0,0,0,true,bending,moving,ok
76,0,0,0,0,true,bending,moving,ok
77,0,0,0,0,true,bending,moving,ok
78,0,0,0,0,true,bending,moving,ok
79,0,0,0,0,true,bending,moving,ok
80,0,0,0,0,true,bending,moving,ok
81,0,0,0,0,true,bending,moving,ok
82,0,0,0,0,true,sitting,moving,ok
83,0,0,0,0,true,sitting,moving,ok
84,0,0,0,0,true,sitting,moving,ok
85,0,0,0,0,true,sitting,moving,ok
86,0,0,0,0,true,sitting,moving,ok
87,0,0,0,0,true,bending,moving,ok
88,0,0,0,0,true,bending,moving,ok
89,0,0,0,0,true,bending,moving,ok
90,0,0,0,0,true,bending,moving,ok
91,0,0,0,0,true,bending,moving,ok
92,0,0,0,0,true,bending,moving,ok
93,0,0,0,0,true,bending,moving,ok
94,0,0,0,0,true,bending,moving,ok
95,0,0,0,0,true,bending,moving,ok
96,0,0,0,0,true,bending,moving,ok
97,0,0,0,0,true,bending,moving,ok
98,0,0,0,0,true,bending,moving,ok
99,0,0,0,0,true,bending,moving,ok
100,0,0,0,0,true,bending,moving,ok
101,0,0,0,0,true,bending,moving,ok
102,0,0,0,0,true,bending,moving,ok
103,0,0,0,0,true,bending,moving,ok
104,0,0,0,0,true,bending,moving,ok
105,0,0,0,0,true,bending,moving,ok
106,0,0,0,0,true,bending,moving,ok
107,0,0,0,0,true,bending,moving,ok
108,0,0,0,0,true,bending,moving,ok
109,0,0,0,0,true,standing,moving,ok
110,0,0,0,0,true,standing,moving,ok
111,0,0,0,0,true,standing,moving,ok
112,0,0,0,0,true,standing,moving,ok
113,0,0,0,0,true,standing,moving,ok
114,0,0,0,0,true,standing,moving,ok
115,0,0,0,0,true,standing,moving,ok
116,0,0,0,0,true,standing,moving,ok
117,0,0,0,0,true,standing,moving,ok
118,0,0,0,0,true,standing,moving,ok
119,0,0,0,0,true,standing,moving,ok
120,0,0,0,0,true,standing,moving,ok
121,0,0,0,0,true,standing,moving,ok
122,0,0,0,0,true,standing,moving,ok
123,0,0,0,0,true,standing,moving,ok
124,0,0,0,0,true,standing,moving,ok
125,0,0,0,0,true,standing,moving,ok
126,0,0,0,0,true,standing,moving,ok
127,0,0,0,0,true,standing,moving,ok
128,0,0,0,0,true,standing,moving,ok
129,0,0,0,0,true,standing,moving,ok
130,0,0,0,0,true,standing,moving,ok
131,0,0,0,0,true,standing,moving,ok
132,0,0,0,0,true,standing,moving,ok
133,0,0,0,0,true,standing,moving,ok
134,0,0,0,0,true,standing,moving,ok
135,0,0,0,0,true,standing,moving,ok
136,0,0,0,0,true,standing,moving,ok
137,0,0,0,0,true,standing,moving,ok
138,0,0,0,0,true,standing,moving,ok
139,0,0,0,0,true,standing,moving,ok
140,0,0,0,0,true,standing,moving,ok
141,0,0,0,0,true,standing,moving,ok
142,0,0,0,0,true,standing,moving,ok
143,0,0,0,0,true,standing,moving,ok
144,0,0,0,0,true,standing,moving,ok
145,0,0,0,0,true,standing,moving,ok
146,0,0,0,0,true,standing,moving,ok
147,0,0,0,0,true,standing,moving,ok
148,0,0,0,0,true,standing,moving,ok
149,0,0,0,0,true,standing,moving,ok
150,0,0,0,0,true,standing,moving,ok
151,0,0,0,0,true,standing,moving,ok
152,0,0,0,0,true,standing,moving,ok
153,0,0,0,0,true,standing,moving,ok
154,0,0,0,0,true,standing,moving,ok
155,0,0,0,0,true,standing,moving,ok
156,0,0,0,0,true,standing,moving,ok
157,0,0,0,0,true,standing,moving,ok
158,0,0,0,0,true,standing,moving,ok
159,0,0,0,0,true,standing,moving,ok
160,0,0,0,0,true,standing,moving,ok
161,0,0,0,0,true,standing,moving,ok
162,0,0,0,0,true,standing,moving,ok
163,0,0,0,0,true,standing,moving,ok
164,0,0,0,0,true,standing,moving,ok
165,0,0,0,0,true,standing,moving,ok
166,0,0,0,0,true,standing,moving,ok
167,0,0,0,0,true,standing,moving,ok
168,0,0,0,0,true,standing,moving,ok
169,0,0,0,0,true,standing,moving,ok
170,0,0,0,0,true,standing,moving,ok
171,0,0,0,0,true,standing,moving,ok
172,0,0,0,0,true,standing,moving,ok
173,0,0,0,0,true,standing,moving,ok
174,0,0,0,0,true,standing,moving,ok
175,0,0,0,0,true,standing,moving,ok
176,0,0,0,0,true,standing,moving,ok
177,0,0,0,0,true,standing,moving,ok
178,0,0,0,0,true,standing,moving,ok
179,0,0,0,0,true,standing,moving,ok
180,0,0,0,0,true,standing,moving,ok
181,0,0,0,0,true,standing,moving,ok
182,0,0,0,0,true,standing,moving,ok
183,0,0,0,0,true,standing,moving,ok
184,0,0,0,0,true,standing,moving,ok
185,0,0,0,0,true,standing,moving,ok
186,0,0,0,0,true,standing,moving,ok
187,0,0,0,0,true,standing,moving,ok
188,0,0,0,0,true,standing,moving,ok
189,0,0,0,0,true,standing,moving,ok
190,0,0,0,0,true,standing,moving,ok
191,0,0,0,0,true,standing,moving,ok
192,0,0,0,0,true,standing,moving,ok
193,0,0,0,0,true,standing,moving,ok
194,0,0,0,0,true,standing,moving,ok
195,0,0,0,0,true,standing,moving,ok
196,0,0,0,0,true,standing,moving,ok
197,0,0,0,0,true,standing,moving,ok
198,0,0,0,0,true,standing,moving,ok
199,0,0,0,0,true,standing,moving,ok
200,0,0,0,0,true,standing,moving,ok
201,0,0,0,0,true,standing,moving,ok
202,0,0,0,0,true,standing,moving,ok
203,0,0,0,0,true,standing,moving,ok
204,0,0,0,0,true,standing,moving,ok
205,0,0,0,0,true,standing,moving,ok
206,0,0,0,0,true,standing,moving,ok
207,0,0,0,0,true,standing,moving,ok
208,0,0,0,0,true,standing,moving,ok
209,0,0,0,0,true,standing,moving,ok
210,0,0,0,0,true,standing,moving,ok
211,0,0,0,0,true,standing,moving,ok
212,0,0,0,0,true,standing,moving,ok
213,0,0,0,0,true,standing,moving,ok
214,0,0,0,0,true,standing,moving,ok
215,0,0,0,0,true,standing,moving,ok
216,0,0,0,0,true,standing,moving,ok
217,0,0,0,0,true,standing,moving,ok
218,0,0,0,0,true,standing,moving,ok
219,0,0,0,0,true,standing,moving,ok
220,0,0,0,0,true,standing,moving,ok
221,0,0,0,0,true,standing,moving,ok
222,0,0,0,0,true,standing,moving,ok
223,0,0,0,0,true,standing,moving,ok
224,0,0,0,0,true,standing,moving,ok
225,0,0,0,0,true,standing,moving,ok
226,0,0,0,0,true,standing,moving,ok
227,0,0,0,0,true,standing,moving,ok
228,0,0,0,0,true,standing,moving,ok
229,0,0,0,0,true,standing,moving,ok
230,0,0,0,0,true,standing,moving,ok
231,0,0,0,0,true,standing,moving,ok
232,0,0,0,0,true,standing,moving,ok
233,0,0,0,0,true,standing,moving,ok
234,0,0,0,0,true,standing,moving,ok
235,0,0,0,0,true,standing,moving,ok
236,0,0,0,0,true,standing,moving,ok
237,0,0,0,0,true,standing,moving,ok
238,0,0,0,0,true,standing,moving,ok
239,0,0,0,0,true,standing,moving,ok
240,0,0,0,0,true,standing,moving,ok
241,0,0,0,0,true,standing,moving,ok
242,0,0,0,0,true,standing,moving,ok
243,0,0,0,0,true,bending,moving,ok
244,0,0,0,0,true,bending,moving,ok
245,0,0,0,0,true,bending,moving,ok
246,0,0,0,0,true,bending,moving,ok
247,0,0,0,0,true,bending,moving,ok
248,0,0,0,0,true,bending,moving,ok
249,0,0,0,0,true,bending,moving,ok
250,0,0,0,0,true,bending,moving,ok
251,0,0,0,0,true,bending,moving,ok
252,0,0,0,0,true,bending,moving,ok
253,0,0,0,0,true,bending,moving,ok
254,0,0,0,0,true,bending,moving,ok
255,0,0,0,0,true,bending,moving,ok
256,0,0,0,0,true,bending,moving,ok
257,0,0,0,0,true,laying,moving,ok
258,0,0,0,0,true,laying,moving,ok
259,0,0,0,0,true,laying,moving,ok
260,0,0,0,0,true,laying,moving,ok
261,0,0,0,0,true,laying,moving,ok
262,0,0,0,0,true,laying,moving,ok
263,0,0,0,0,true,laying,moving,ok
264,0,0,0,0,true,laying,moving,ok
265,0,0,0,0,true,laying,moving,ok
266,0,0,0,0,true,laying,moving,ok
267,0,0,0,0,true,laying,moving,ok
268,0,0,0,0,true,laying,moving,ok
269,0,0,0,0,true,laying,moving,ok
270,0,0,0,0,true,laying,moving,ok
271,0,0,0,0,true,laying,moving,ok
272,0,0,0,0,true,laying,moving,ok
273,0,0,0,0,true,laying,not_moving,not_ok
274,0,0,0,0,true,laying,not_moving,not_ok
275,0,0,0,0,true,laying,not_moving,not_ok
276,0,0,0,0,true,laying,not_moving,not_ok
277,0,0,0,0,true,laying,not_moving,not_ok
278,0,0,0,0,true,laying,not_moving,not_ok
279,0,0,0,0,true,laying,not_moving,not_ok
280,0,0,0,0,true,laying,not_moving,not_ok
281,0,0,0,0,true,laying,not_moving,not_ok
282,0,0,0,0,true,laying,not_moving,not_ok
283,0,0,0,0,true,laying,not_moving,not_ok
284,0,0,0,0,true,laying,not_moving,not_ok
285,0,0,0,0,true,laying,not_moving,not_ok
286,0,0,0,0,true,laying,not_moving,not_ok
287,0,0,0,0,true,laying,not_moving,not_ok
288,0,0,0,0,true,laying,not_moving,not_ok
289,0,0,0,0,true,laying,not_moving,not_ok
290,0,0,0,0,true,laying,not_moving,not_ok
291,0,0,0,0,true,laying,not_moving,not_ok
292,0,0,0,0,true,laying,not_moving,not_ok
293,0,0,0,0,true,laying,not_moving,not_ok
294,0,0,0,0,true,laying,not_moving,not_ok
295,0,0,0,0,true,laying,not_moving,not_ok
296,0,0,0,0,true,laying,not_moving,not_ok
297,0,0,0,0,true,laying,not_moving,not_ok
298,0,0,0,0,true,laying,not_moving,not_ok
299,0,0,0,0,true,laying,not_moving,not_ok
300,0,0,0,0,true,laying,not_moving,not_ok
301,0,0,0,0,true,laying,not_moving,not_ok
302,0,0,0,0,true,laying,not_moving,not_ok
303,0,0,0,0,true,laying,not_moving,not_ok
304,0,0,0,0,true,laying,not_moving,not_ok
305,0,0,0,0,true,laying,not_moving,not_ok
306,0,0,0,0,true,laying,not_moving,not_ok
307,0,0,0,0,true,laying,not_moving,not_ok
308,0,0,0,0,true,laying,not_moving,not_ok
309,0,0,0,0,true,laying,not_moving,not_ok
310,0,0,0,0,true,laying,not_moving,not_ok
311,0,0,0,0,true,laying,not_moving,not_ok
312,0,0,0,0,true,laying,not_moving,not_ok
313,0,0,0,0,true,laying,not_moving,not_ok
314,0,0,0,0,true,laying,not_moving,not_ok
315,0,0,0,0,true,laying,not_moving,not_ok
316,0,0,0,0,true,laying,not_moving,not_ok
317,0,0,0,0,true,laying,not_moving,not_ok
318,0,0,0,0,true,laying,not_moving,not_ok
319,0,0,0,0,true,laying,not_moving,not_ok
320,0,0,0,0,true,laying,not_moving,not_ok
321,0,0,0,0,true,laying,not_moving,not_ok
322,0,0,0,0,true,laying,not_moving,not_ok
323,0,0,0,0,true,laying,not_moving,not_ok
324,0,0,0,0,true,laying,not_moving,not_ok
325,0,0,0,0,true,laying,not_moving,not_ok
326,0,0,0,0,true,laying,not_moving,not_ok
327,0,0,0,0,true,laying,not_moving,not_ok
328,0,0,0,0,true,laying,not_moving,not_ok
329,0,0,0,0,true,laying,not_moving,not_ok
330,0,0,0,0,true,laying,not_moving,not_ok
331,0,0,0,0,true,laying,not_moving,not_ok
332,0,0,0,0,true,laying,not_moving,not_ok
333,0,0,0,0,true,laying,not_moving,not_ok
334,0,0,0,0,true,laying,not_moving,not_ok
335,0,0,0,0,true,laying,not_moving,not_ok
336,0,0,0,0,true,laying,not_moving,not_ok
337,0,0,0,0,true,laying,not_moving,not_ok
338,0,0,0,0,true,laying,not_moving,not_ok
339,0,0,0,0,true,laying,not_moving,not_ok
340,0,0,0,0,true,laying,not_moving,not_ok
341,0,0,0,0,true,laying,not_moving,not_ok
342,0,0,0,0,true,laying,not_moving,not_ok
343,0,0,0,0,true,laying,not_moving,not_ok
344,0,0,0,0,true,laying,not_moving,not_ok
345,0,0,0,0,true,laying,not_moving,not_ok
346,0,0,0,0,true,laying,not_moving,not_ok
347,0,0,0,0,true,laying,not_moving,not_ok
348,0,0,0,0,true,laying,not_moving,not_ok
349,0,0,0,0,true,laying,not_moving,not_ok
350,0,0,0,0,true,laying,not_moving,not_ok
351,0,0,0,0,true,laying,not_moving,not_ok
352,0,0,0,0,true,laying,not_moving,not_ok
353,0,0,0,0,true,laying,not_moving,not_ok
354,0,0,0,0,true,laying,not_moving,not_ok
355,0,0,0,0,true,laying,not_moving,not_ok
356,0,0,0,0,true,laying,not_moving,not_ok
357,0,0,0,0,true,laying,not_moving,not_ok
358,0,0,0,0,true,laying,not_moving,not_ok
359,0,0,0,0,true,laying,not_moving,not_ok
360,0,0,0,0,true,laying,not_moving,not_ok
361,0,0,0,0,true,laying,not_moving,not_ok
362,0,0,0,0,true,laying,not_moving,not_ok
363,0,0,0,0,true,laying,not_moving,not_ok
364,0,0,0,0,true,laying,not_moving,not_ok
365,0,0,0,0,true,laying,not_moving,not_ok
366,0,0,0,0,true,laying,not_moving,not_ok
367,0,0,0,0,true,laying,not_moving,not_ok
368,0,0,0,0,true,laying,not_moving,not_ok
369,0,0,0,0,true,laying,not_moving,not_ok
370,0,0,0,0,true,laying,not_moving,not_ok
371,0,0,0,0,true,laying,not_moving,not_ok
372,0,0,0,0,true,laying,not_moving,not_ok
373,0,0,0,0,true,laying,not_moving,not_ok
374,0,0,0,0,true,laying,not_moving,not_ok
375,0,0,0,0,true,laying,not_moving,not_ok
376,0,0,0,0,true,laying,not_moving,not_ok
377,0,0,0,0,true,laying,not_moving,not_ok
378,0,0,0,0,true,laying,not_moving,not_ok
379,0,0,0,0,true,laying,not_moving,not_ok
380,0,0,0,0,true,laying,not_moving,not_ok
381,0,0,0,0,true,laying,not_moving,not_ok
382,0,0,0,0,true,laying,not_moving,not_ok
383,0,0,0,0,true,laying,not_moving,not_ok
384,0,0,0,0,true,laying,not_moving,not_ok
385,0,0,0,0,true,laying,not_moving,not_ok
386,0,0,0,0,true,laying,not_moving,not_ok
387,0,0,0,0,true,laying,not_moving,not_ok
388,0,0,0,0,true,laying,not_moving,not_ok
389,0,0,0,0,true,laying,not_moving,not_ok
390,0,0,0,0,true,laying,not_moving,not_ok
391,0,0,0,0,true,laying,not_moving,not_ok
392,0,0,0,0,true,laying,not_moving,not_ok
393,0,0,0,0,true,laying,not_moving,not_ok
394,0,0,0,0,true,laying,not_moving,not_ok
395,0,0,0,0,true,laying,not_moving,not_ok
396,0,0,0,0,true,laying,not_moving,not_ok
397,0,0,0,0,true,laying,not_moving,not_ok
398,0,0,0,0,true,laying,not_moving,not_ok
399,0,0,0,0,true,laying,not_moving,not_ok
400,0,0,0,0,true,laying,not_moving,not_ok
401,0,0,0,0,true,laying,not_moving,not_ok
402,0,0,0,0,true,laying,not_moving,not_ok
403,0,0,0,0,true,laying,not_moving,not_ok
404,0,0,0,0,true,laying,not_moving,not_ok
405,0,0,0,0,true,laying,not_moving,not_ok
406,0,0,0,0,true,laying,not_moving,not_ok
407,0,0,0,0,true,laying,not_moving,not_ok
408,0,0,0,0,true,laying,not_moving,not_ok
409,0,0,0,0,true,laying,not_moving,not_ok
410,0,0,0,0,true,laying,not_moving,not_ok
411,0,0,0,0,true,laying,not_moving,not_ok
412,0,0,0,0,true,laying,not_moving,not_ok
413,0,0,0,0,true,laying,not_moving,not_ok
414,0,0,0,0,true,laying,not_moving,not_ok
415,0,0,0,0,true,laying,not_moving,not_ok
416,0,0,0,0,true,laying,not_moving,not_ok
417,0,0,0,0,true,laying,not_moving,not_ok
418,0,0,0,0,true,laying,not_moving,not_ok
419,0,0,0,0,true,laying,not_moving,not_ok
420,0,0,0,0,true,laying,not_moving,not_ok
421,0,0,0,0,true,laying,not_moving,not_ok
422,0,0,0,0,true,laying,not_moving,not_ok
423,0,0,0,0,true,laying,not_moving,not_ok
424,0,0,0,0,true,laying,not_moving,not_ok
425,0,0,0,0,true,laying,not_moving,not_ok
426,0,0,0,0,true,laying,not_moving,not_ok
427,0,0,0,0,true,laying,not_moving,not_ok
428,0,0,0,0,true,laying,not_moving,not_ok
429,0,0,0,0,true,laying,not_moving,not_ok
430,0,0,0,0,true,laying,not_moving,not_ok
431,0,0,0,0,true,laying,not_moving,not_ok
432,0,0,0,0,true,laying,not_moving,not_ok
433,0,0,0,0,true,laying,not_moving,not_ok
434,0,0,0,0,true,laying,not_moving,not_ok
435,0,0,0,0,true,laying,not_moving,not_ok
436,0,0,0,0,true,laying,not_moving,not_ok
437,0,0,0,0,true,laying,not_moving,not_ok
438,0,0,0,0,true,laying,not_moving,not_ok
439,0,0,0,0,true,laying,not_moving,not_ok
440,0,0,0,0,true,laying,not_moving,not_ok
441,0,0,0,0,true,laying,not_moving,not_ok
442,0,0,0,0,true,laying,not_moving,not_ok
443,0,0,0,0,true,laying,not_moving,not_ok
444,0,0,0,0,true,laying,not_moving,not_ok
445,0,0,0,0,true,laying,not_moving,not_ok
446,0,0,0,0,true,laying,not_moving,not_ok
447,0,0,0,0,true,laying,not_moving,not_ok
448,0,0,0,0,true,laying,not_moving,not_ok
449,0,0,0,0,true,laying,not_moving,not_ok
450,0,0,0,0,true,laying,not_moving,not_ok
451,0,0,0,0,true,laying,not_moving,not_ok
452,0,0,0,0,true,laying,not_moving,not_ok
453,0,0,0,0,true,laying,not_moving,not_ok
454,0,0,0,0,true,laying,not_moving,not_ok
455,0,0,0,0,true,laying,not_moving,not_ok
456,0,0,0,0,true,laying,not_moving,not_ok
457,0,0,0,0,true,laying,not_moving,not_ok
458,0,0,0,0,true,laying,not_moving,not_ok
459,0,0,0,0,true,laying,not_moving,not_ok
460,0,0,0,0,true,laying,not_moving,not_ok
461,0,0,0,0,true,laying,not_moving,not_ok
462,0,0,0,0,true,laying,not_moving,not_ok
463,0,0,0,0,true,laying,not_moving,not_ok
464,0,0,0,0,true,laying,not_moving,not_ok
465,0,0,0,0,true,laying,not_moving,not_ok
466,0,0,0,0,true,laying,not_moving,not_ok
467,0,0,0,0,true,laying,not_moving,not_ok
468,0,0,0,0,true,laying,not_moving,not_ok
469,0,0,0,0,true,laying,not_moving,not_ok
470,0,0,0,0,true,laying,not_moving,not_ok
471,0,0,0,0,true,laying,not_moving,not_ok
472,0,0,0,0,true,laying,not_moving,not_ok
473,0,0,0,0,true,laying,not_moving,not_ok
474,0,0,0,0,true,laying,not_moving,not_ok
475,0,0,0,0,true,laying,not_moving,not_ok
476,0,0,0,0,true,laying,not_moving,not_ok
477,0,0,0,0,true,laying,not_moving,not_ok
478,0,0,0,0,true,laying,not_moving,not_ok
479,0,0,0,0,true,laying,not_moving,not_ok
480,0,0,0,0,true,laying,not_moving,not_ok
481,0,0,0,0,true,laying,not_moving,not_ok
482,0,0,0,0,true,laying,not_moving,not_ok
483,0,0,0,0,true,laying,not_moving,not_ok
484,0,0,0,0,true,laying,not_moving,not_ok
485,0,0,0,0,true,laying,not_moving,not_ok
486,0,0,0,0,true,laying,not_moving,not_ok
487,0,0,0,0,true,laying,not_moving,not_ok
488,0,0,0,0,true,laying,not_moving,not_ok
489,0,0,0,0,true,laying,not_moving,not_ok
490,0,0,0,0,true,laying,not_moving,not_ok
491,0,0,0,0,true,laying,not_moving,not_ok
492,0,0,0,0,true,laying,not_moving,not_ok
493,0,0,0,0,true,laying,not_moving,not_ok
494,0,0,0,0,true,laying,not_moving,not_ok
495,0,0,0,0,true,laying,not_moving,not_ok
496,0,0,0,0,true,laying,not_moving,not_ok
497,0,0,0,0,true,laying,not_moving,not_ok
498,0,0,0,0,true,laying,not_moving,not_ok
499,0,0,0,0,true,laying,not_moving,not_ok
500,0,0,0,0,true,laying,not_moving,not_ok
501,0,0,0,0,true,laying,not_moving,not_ok
502,0,0,0,0,true,laying,not_moving,not_ok
503,0,0,0,0,true,laying,not_moving,not_ok
504,0,0,0,0,true,laying,not_moving,not_ok
505,0,0,0,0,true,laying,not_moving,not_ok
506,0,0,0,0,true,laying,not_moving,not_ok
507,0,0,0,0,true,laying,not_moving,not_ok
508,0,0,0,0,true,laying,not_moving,not_ok
509,0,0,0,0,true,laying,not_moving,not_ok
510,0,0,0,0,true,laying,not_moving,not_ok
511,0,0,0,0,true,laying,not_moving,not_ok
512,0,0,0,0,true,laying,not_moving,not_ok
513,0,0,0,0,true,laying,not_moving,not_ok
514,0,0,0,0,true,laying,not_moving,not_ok
515,0,0,0,0,true,laying,not_moving,not_ok
516,0,0,0,0,true,laying,not_moving,not_ok
517,0,0,0,0,true,laying,not_moving,not_ok
518,0,0,0,0,true,laying,not_moving,not_ok
519,0,0,0,0,true,laying,not_moving,not_ok
520,0,0,0,0,true,laying,not_moving,not_ok
521,0,0,0,0,true,laying,not_moving,not_ok
522,0,0,0,0,true,laying,not_moving,not_ok
523,0,0,0,0,true,laying,not_moving,not_ok
524,0,0,0,0,true,laying,not_moving,not_ok
525,0,0,0,0,true,laying,not_moving,not_ok
526,0,0,0,0,true,laying,not_moving,not_ok
527,0,0,0,0,true,laying,not_moving,not_ok
528,0,0,0,0,true,laying,not_moving,not_ok
529,0,0,0,0,true,laying,not_moving,not_ok
530,0,0,0,0,true,laying,not_moving,not_ok
531,0,0,0,0,true,laying,not_moving,not_ok
532,0,0,0,0,true,laying,not_moving,not_ok
533,0,0,0,0,true,laying,not_moving,not_ok
534,0,0,0,0,true,laying,not_moving,not_ok
535,0,0,0,0,true,laying,not_moving,not_ok
536,0,0,0,0,true,laying,not_moving,not_ok
537,0,0,0,0,true,laying,not_moving,not_ok
538,0,0,0,0,true,laying,not_moving,not_ok
539,0,0,0,0,true,laying,not_moving,not_ok
540,0,0,0,0,true,laying,not_moving,not_ok
541,0,0,0,0,true,laying,not_moving,not_ok
542,0,0,0,0,true,laying,not_moving,not_ok
543,0,0,0,0,true,laying,not_moving,not_ok
544,0,0,0,0,true,laying,not_moving,not_ok
545,0,0,0,0,true,laying,not_moving,not_ok
546,0,0,0,0,true,laying,not_moving,not_ok
547,0,0,0,0,true,laying,not_moving,not_ok
548,0,0,0,0,true,laying,not_moving,not_ok
549,0,0,0,0,true,laying,not_moving,not_ok
550,0,0,0,0,true,laying,not_moving,not_ok
551,0,0,0,0,true,laying,not_moving,not_ok
552,0,0,0,0,true,laying,not_moving,not_ok
553,0,0,0,0,true,laying,not_moving,not_ok
554,0,0,0,0,true,laying,not_moving,not_ok
555,0,0,0,0,true,laying,not_moving,not_ok
556,0,0,0,0,true,laying,not_moving,not_ok
557,0,0,0,0,true,laying,not_moving,not_ok
558,0,0,0,0,true,laying,not_moving,not_ok
559,0,0,0,0,true,laying,not_moving,not_ok
560,0,0,0,0,true,laying,not_moving,not_ok
561,0,0,0,0,true,laying,not_moving,not_ok
562,0,0,0,0,true,laying,not_moving,not_ok
563,0,0,0,0,true,laying,not_moving,not_ok
564,0,0,0,0,true,laying,not_moving,not_ok
565,0,0,0,0,true,laying,not_moving,not_ok
566,0,0,0,0,true,laying,not_moving,not_ok
567,0,0,0,0,true,laying,not_moving,not_ok
568,0,0,0,0,true,laying,not_moving,not_ok
569,0,0,0,0,true,laying,not_moving,not_ok
570,0,0,0,0,true,laying,not_moving,not_ok
571,0,0,0,0,true,laying,not_moving,not_ok
572,0,0,0,0,true,laying,not_moving,not_ok
573,0,0,0,0,true,laying,not_moving,not_ok
574,0,0,0,0,true,laying,not_moving,not_ok
575,0,0,0,0,true,laying,not_moving,not_ok
576,0,0,0,0,true,laying,not_moving,not_ok
577,0,0,0,0,true,laying,not_moving,not_ok
578,0,0,0,0,true,laying,not_moving,not_ok
579,0,0,0,0,true,laying,not_moving,not_ok
580,0,0,0,0,true,laying,not_moving,not_ok
581,0,0,0,0,true,laying,not_moving,not_ok
582,0,0,0,0,true,laying,not_moving,not_ok
583,0,0,0,0,true,laying,not_moving,not_ok
584,0,0,0,0,true,laying,not_moving,not_ok
585,0,0,0,0,true,laying,not_moving,not_ok
586,0,0,0,0,true,laying,not_moving,not_ok
587,0,0,0,0,true,laying,not_moving,not_ok
588,0,0,0,0,true,laying,not_moving,not_ok
589,0,0,0,0,true,laying,not_moving,not_ok
590,0,0,0,0,true,laying,not_moving,not_ok
591,0,0,0,0,true,laying,not_moving,not_ok
592,0,0,0,0,true,laying,not_moving,not_ok
593,0,0,0,0,true,laying,not_moving,not_ok
594,0,0,0,0,true,laying,not_moving,not_ok
595,0,0,0,0,true,laying,not_moving,not_ok
596,0,0,0,0,true,laying,not_moving,not_ok
597,0,0,0,0,true,laying,not_moving,not_ok
598,0,0,0,0,true,laying,not_moving,not_ok
599,0,0,0,0,true,laying,not_moving,not_ok
600,0,0,0,0,true,laying,not_moving,not_ok
601,0,0,0,0,true,laying,not_moving,not_ok
602,0,0,0,0,true,laying,not_moving,not_ok
603,0,0,0,0,true,laying,not_moving,not_ok
604,0,0,0,0,true,laying,not_moving,not_ok
605
606
607
608
609
